{"TOTAL_HISPANIC":890257,"ATG18R":451348,"VAP_TOTAL_POP":2413326,"TOTAL_MIXED":434009,"VAP_TOTAL_ONE_BLACK":226025,"CVAP_TOTAL_POP":2018928.9589999993,"VAP_TOTAL_ONE_RACE":2126547,"HOU20D":665368,"TOTAL_ONE_PACIFIC":25011,"CVAP_TOTAL_ONE_INDIAN":20733.032,"USS18D":489963,"CVAP_TOTAL_ONE_ASIAN":154669.103,"HOU20R":633565,"USS18R":440858,"VAP_TOTAL_MIXED":286779,"VAP_TOTAL_ONE_OTHER":308586,"VAP_TOTAL_ONE_INDIAN":33407,"TOTAL_ONE_WHITE":1588463,"TOTAL_POP":3104614,"TOTAL_ONE_BLACK":304739,"CVAP_TOTAL_ONE_BLACK":188181.0260000001,"CVAP_TOTAL_ONE_PACIFIC":12935.957000000006,"PRE20D":703486,"TOTAL_ONE_ASIAN":272703,"VAP_TOTAL_HISPANIC":609396,"TOTAL_ONE_RACE":2670605,"CVAP_TOTAL_HISPANIC":385389.9899999999,"VAP_TOTAL_ONE_PACIFIC":18266,"TOTAL_ONE_OTHER":435757,"PRE20R":669890,"VAP_TOTAL_ONE_ASIAN":228281,"CVAP_TOTAL_ONE_WHITE":1201756.943,"TOTAL_ONE_INDIAN":43932,"VAP_TOTAL_ONE_WHITE":1311982,"ATG18D":456128}