{"TOTAL_HISPANIC":2192253,"ATG18R":1201398,"VAP_TOTAL_POP":5541976,"TOTAL_MIXED":996806,"VAP_TOTAL_ONE_BLACK":247633,"CVAP_TOTAL_POP":4920370.261000001,"VAP_TOTAL_ONE_RACE":4875350,"HOU20D":1629318,"TOTAL_ONE_PACIFIC":16397,"CVAP_TOTAL_ONE_INDIAN":195928.038,"CVAP_TOTAL_ONE_ASIAN":119713.96299999997,"HOU20R":1638516,"VAP_TOTAL_MIXED":666626,"VAP_TOTAL_ONE_OTHER":634704,"VAP_TOTAL_ONE_INDIAN":226604,"TOTAL_ONE_WHITE":4322337,"TOTAL_POP":7151502,"TOTAL_ONE_BLACK":339150,"CVAP_TOTAL_ONE_BLACK":213094.05099999995,"CVAP_TOTAL_ONE_PACIFIC":8654.026999999998,"PRE20D":1672143,"TOTAL_ONE_ASIAN":257430,"VAP_TOTAL_HISPANIC":1489617,"TOTAL_ONE_RACE":6154696,"CVAP_TOTAL_HISPANIC":1140220.1700000002,"VAP_TOTAL_ONE_PACIFIC":11803,"USS20R":1637661,"USS20D":1716467,"TOTAL_ONE_OTHER":899870,"PRE20R":1661686,"VAP_TOTAL_ONE_ASIAN":205298,"CVAP_TOTAL_ONE_WHITE":3158248.318,"TOTAL_ONE_INDIAN":319512,"VAP_TOTAL_ONE_WHITE":3549308,"ATG18D":1120726}