{"TOTAL_HISPANIC":1123457,"VAP_TOTAL_POP":8220274,"VAP_TOTAL_ONE_RACE":7737712,"TOTAL_MIXED":743908,"VAP_TOTAL_ONE_BLACK":2488419,"CVAP_TOTAL_POP":7356630.369,"TOTAL_ONE_INDIAN":50618,"HOU20D":2366846,"TOTAL_ONE_PACIFIC":7299,"CVAP_TOTAL_ONE_INDIAN":15899.940000000004,"CVAP_TOTAL_ONE_ASIAN":198823.08900000004,"HOU20R":2460083,"VAP_TOTAL_MIXED":482562,"VAP_TOTAL_ONE_OTHER":372603,"VAP_TOTAL_ONE_INDIAN":36458,"TOTAL_ONE_WHITE":5555483,"TOTAL_POP":10711908,"TOTAL_ONE_BLACK":3320513,"CVAP_TOTAL_ONE_BLACK":2360946.252,"CVAP_TOTAL_ONE_PACIFIC":3412.988,"PRE20D":2474507,"TOTAL_ONE_ASIAN":479028,"VAP_TOTAL_HISPANIC":742918,"TOTAL_ONE_RACE":9968000,"CVAP_TOTAL_HISPANIC":344087.13600000006,"VAP_TOTAL_ONE_PACIFIC":5320,"USS20R":4410820,"TOTAL_ONE_OTHER":555059,"PRE20R":2461837,"VAP_TOTAL_ONE_ASIAN":369718,"CVAP_TOTAL_ONE_WHITE":4333134.1450000005,"USS20D":4559036,"VAP_TOTAL_ONE_WHITE":4465194}